{
	"i1":[0, 2, 0 ,0],
	"i2":[0, 2, 1.57079, 1.57079],
	"i3":[0, 2, 1.57079, 1.57079]
}