{
	"i1":[0, 0.5, 0 ,0],
	"i2":[0, 1, 1.57079, 1.57079],
	"i3":[0, 0.5, 1.57079, 1.57079]
}
